EstimatedValue,ActualValue,DistanceBetweenBars,Visualization,Grid,Markers,User
28,70.11494253,4,Grid,Grid,Average Markers,Casey
95,61.62790698,1,Grid,Grid,Average Markers,Alec
50,20.37037037,1,Grid,Grid,Average Markers,Emma
17,45.45454545,7,Grid,Grid,Average Markers,Alec
70,84.50704225,5,Grid,Grid,Average Markers,Olivia
86,74.24242424,4,Grid,Grid,Average Markers,Mairead
19,30.43478261,2,Grid,Grid,Average Markers,Casey
60,69.56521739,3,Grid,Grid,Average Markers,Jillian
87,78.57142857,3,Grid,Grid,Average Markers,Casey
66,74.19354839,2,Grid,Grid,Average Markers,Jared
70,78.125,2,Grid,Grid,Average Markers,Olivia
66,57.95454545,6,Grid,Grid,Average Markers,Mairead
60,67.85714286,3,Grid,Grid,Average Markers,Jared
20,25.53191489,6,Grid,Grid,Average Markers,Mairead
45,39.62264151,2,Grid,Grid,Average Markers,Allie
33,38,1,Grid,Grid,Average Markers,Olivia
94,89.28571429,1,Grid,Grid,Average Markers,Casey
18,22.22222222,5,Grid,Grid,Average Markers,Mairead
60,64.04494382,4,Grid,Grid,Average Markers,Allie
89,92.95774648,5,Grid,Grid,Average Markers,Lauren
70,73.91304348,4,Grid,Grid,Average Markers,Olivia
38,34.14634146,5,Grid,Grid,Average Markers,Mairead
45,41.2371134,3,Grid,Grid,Average Markers,Allie
45,41.30434783,4,Grid,Grid,Average Markers,Casey
65,68.6746988,3,Grid,Grid,Average Markers,Jillian
50,53.57142857,6,Grid,Grid,Average Markers,Jillian
38,34.48275862,1,Grid,Grid,Average Markers,Mairead
72,68.57142857,1,Grid,Grid,Average Markers,Lauren
60,63.41463415,0,Grid,Grid,Average Markers,Alec
70,66.66666667,5,Grid,Grid,Average Markers,Olivia
30,33.33333333,2,Grid,Grid,Average Markers,Alec
30,26.74418605,1,Grid,Grid,Average Markers,Alec
95,97.89473684,3,Grid,Grid,Average Markers,Jared
60,62.85714286,1,Grid,Grid,Average Markers,Jared
13,15.85365854,5,Grid,Grid,Average Markers,Ali
87,89.74358974,0,Grid,Grid,Average Markers,Jared
70,72.72727273,0,Grid,Grid,Average Markers,Jared
50,52.63157895,6,Grid,Grid,Average Markers,Ali
34,36.55913978,1,Grid,Grid,Average Markers,Mairead
95,92.45283019,3,Grid,Grid,Average Markers,Allie
75,77.5,6,Grid,Grid,Average Markers,Allie
84,86.45833333,5,Grid,Grid,Average Markers,Jared
80,77.55102041,1,Grid,Grid,Average Markers,Allie
80,82.35294118,2,Grid,Grid,Average Markers,Alec
90,92.30769231,1,Grid,Grid,Average Markers,Olivia
83,85.22727273,0,Grid,Grid,Average Markers,Casey
80,82.22222222,6,Grid,Grid,Average Markers,Jared
90,92.20779221,6,Grid,Grid,Average Markers,Alec
68,65.85365854,0,Grid,Grid,Average Markers,Sarah
95,92.85714286,1,Grid,Grid,Average Markers,Sarah
75,72.88135593,3,Grid,Grid,Average Markers,Mairead
70,72.09302326,2,Grid,Grid,Average Markers,Jared
15,17.04545455,1,Grid,Grid,Average Markers,Olivia
60,62,2,Grid,Grid,Average Markers,Sarah
92,90,6,Grid,Grid,Average Markers,Casey
98,100,5,Grid,Grid,Average Markers,Ali
25,26.96629213,0,Grid,Grid,Average Markers,Olivia
18,19.6969697,3,Grid,Grid,Average Markers,Jillian
80,81.66666667,2,Grid,Grid,Average Markers,Lauren
41,42.59259259,0,Grid,Grid,Average Markers,Sarah
35,36.58536585,4,Grid,Grid,Average Markers,Alec
94,95.45454545,0,Grid,Grid,Average Markers,Emma
70,71.42857143,6,Grid,Grid,Average Markers,Casey
96,97.4025974,0,Grid,Grid,Average Markers,Allie
80,81.31868132,1,Grid,Grid,Average Markers,Jillian
70,71.18644068,6,Grid,Grid,Average Markers,Allie
40,41.11111111,1,Grid,Grid,Average Markers,Allie
65,63.93442623,1,Grid,Grid,Average Markers,Jillian
83,84,0,Grid,Grid,Average Markers,Lauren
57,57.89473684,6,Grid,Grid,Average Markers,Casey
97,97.87234043,0,Grid,Grid,Average Markers,Jared
82,82.85714286,8,Grid,Grid,Average Markers,Jillian
93,93.81443299,4,Grid,Grid,Average Markers,Casey
25,25.80645161,0,Grid,Grid,Average Markers,Jillian
80,79.22077922,0,Grid,Grid,Average Markers,Ali
35,34.24657534,7,Grid,Grid,Average Markers,Jillian
86,86.74698795,2,Grid,Grid,Average Markers,Emma
24,23.40425532,4,Grid,Grid,Average Markers,Emma
29,29.50819672,0,Grid,Grid,Average Markers,Sarah
68,67.5,1,Grid,Grid,Average Markers,Emma
38,38.46153846,0,Grid,Grid,Average Markers,Lauren
48,47.54098361,5,Grid,Grid,Average Markers,Sarah
61,61.44578313,2,Grid,Grid,Average Markers,Sarah
40,40.38461538,4,Grid,Grid,Average Markers,Sarah
22,22.35294118,0,Grid,Grid,Average Markers,Emma
79,78.65168539,0,Grid,Grid,Average Markers,Ali
67,66.66666667,1,Grid,Grid,Average Markers,Lauren
33,33.33333333,4,Grid,Grid,Average Markers,Lauren
83,83.33333333,3,Grid,Grid,Average Markers,Alec
57,57.31707317,0,Grid,Grid,Average Markers,Emma
20,20.3125,4,Grid,Grid,Average Markers,Ali
75,75.30864198,1,Grid,Grid,Average Markers,Lauren
82,81.72043011,0,Grid,Grid,Average Markers,Sarah
27,26.76056338,2,Grid,Grid,Average Markers,Lauren
59,59.21052632,6,Grid,Grid,Average Markers,Emma
53,53.19148936,0,Grid,Grid,Average Markers,Emma
90,90.14084507,2,Grid,Grid,Average Markers,Mairead
87,86.9047619,4,Grid,Grid,Average Markers,Ali
34,34.04255319,0,Grid,Grid,Average Markers,Emma
96,95.95959596,3,Grid,Grid,Average Markers,Ali
66,66.03773585,3,Grid,Grid,Average Markers,Sarah
20,20,0,Grid,Grid,Average Markers,Jillian
75,75,8,Grid,Grid,Average Markers,Ali
100,100,2,Grid,Grid,Average Markers,Ali
68,68,4,Grid,Grid,Average Markers,Lauren
50,50,4,Grid,Grid,Average Markers,Olivia
25,25,2,Grid,Grid,Average Markers,Olivia
25,25,1,Grid,Grid,Average Markers,Allie
90,90,2,Grid,Grid,Average Markers,Alec
26,70.93023256,3,"Grid, Fewer markers",Grid,Fewer Markers,Casey
40,57.89473684,4,"Grid, Fewer markers",Grid,Fewer Markers,Casey
60,72.91666667,2,"Grid, Fewer markers",Grid,Fewer Markers,Olivia
30,18.46153846,4,"Grid, Fewer markers",Grid,Fewer Markers,Casey
70,58.94736842,1,"Grid, Fewer markers",Grid,Fewer Markers,Mairead
40,50,2,"Grid, Fewer markers",Grid,Fewer Markers,Jared
60,69.6969697,1,"Grid, Fewer markers",Grid,Fewer Markers,Jared
14,23.52941176,1,"Grid, Fewer markers",Grid,Fewer Markers,Mairead
73,63.63636364,6,"Grid, Fewer markers",Grid,Fewer Markers,Emma
33,42.1686747,2,"Grid, Fewer markers",Grid,Fewer Markers,Olivia
60,68.75,0,"Grid, Fewer markers",Grid,Fewer Markers,Olivia
67,59.57446809,6,"Grid, Fewer markers",Grid,Fewer Markers,Alec
79,86.20689655,6,"Grid, Fewer markers",Grid,Fewer Markers,Ali
30,37.17948718,0,"Grid, Fewer markers",Grid,Fewer Markers,Jared
70,64.17910448,1,"Grid, Fewer markers",Grid,Fewer Markers,Mairead
30,35.52631579,0,"Grid, Fewer markers",Grid,Fewer Markers,Alec
50,55.43478261,4,"Grid, Fewer markers",Grid,Fewer Markers,Alec
90,84.61538462,3,"Grid, Fewer markers",Grid,Fewer Markers,Mairead
85,90.32258065,1,"Grid, Fewer markers",Grid,Fewer Markers,Casey
80,85.13513514,2,"Grid, Fewer markers",Grid,Fewer Markers,Jared
85,80,0,"Grid, Fewer markers",Grid,Fewer Markers,Allie
81,76.19047619,0,"Grid, Fewer markers",Grid,Fewer Markers,Lauren
80,75.32467532,2,"Grid, Fewer markers",Grid,Fewer Markers,Alec
90,94.62365591,0,"Grid, Fewer markers",Grid,Fewer Markers,Lauren
60,64.28571429,6,"Grid, Fewer markers",Grid,Fewer Markers,Jared
36,31.81818182,3,"Grid, Fewer markers",Grid,Fewer Markers,Mairead
85,80.82191781,4,"Grid, Fewer markers",Grid,Fewer Markers,Jillian
80,84,4,"Grid, Fewer markers",Grid,Fewer Markers,Jillian
75,78.84615385,0,"Grid, Fewer markers",Grid,Fewer Markers,Allie
33,36.36363636,1,"Grid, Fewer markers",Grid,Fewer Markers,Olivia
67,63.88888889,1,"Grid, Fewer markers",Grid,Fewer Markers,Jared
80,76.92307692,1,"Grid, Fewer markers",Grid,Fewer Markers,Ali
83,80,5,"Grid, Fewer markers",Grid,Fewer Markers,Lauren
50,52.94117647,1,"Grid, Fewer markers",Grid,Fewer Markers,Jared
44,46.875,2,"Grid, Fewer markers",Grid,Fewer Markers,Jared
17,14.14141414,3,"Grid, Fewer markers",Grid,Fewer Markers,Allie
40,42.85714286,2,"Grid, Fewer markers",Grid,Fewer Markers,Ali
75,77.77777778,1,"Grid, Fewer markers",Grid,Fewer Markers,Casey
90,87.27272727,3,"Grid, Fewer markers",Grid,Fewer Markers,Jillian
30,32.72727273,7,"Grid, Fewer markers",Grid,Fewer Markers,Mairead
83,85.71428571,3,"Grid, Fewer markers",Grid,Fewer Markers,Casey
66,68.62745098,0,"Grid, Fewer markers",Grid,Fewer Markers,Allie
50,52.56410256,3,"Grid, Fewer markers",Grid,Fewer Markers,Alec
10,12.5,2,"Grid, Fewer markers",Grid,Fewer Markers,Sarah
85,87.5,5,"Grid, Fewer markers",Grid,Fewer Markers,Olivia
35,32.53012048,0,"Grid, Fewer markers",Grid,Fewer Markers,Casey
95,92.59259259,7,"Grid, Fewer markers",Grid,Fewer Markers,Alec
95,97.36842105,1,"Grid, Fewer markers",Grid,Fewer Markers,Jillian
27,29.34782609,2,"Grid, Fewer markers",Grid,Fewer Markers,Lauren
33,30.66666667,2,"Grid, Fewer markers",Grid,Fewer Markers,Allie
55,57.31707317,1,"Grid, Fewer markers",Grid,Fewer Markers,Allie
88,85.71428571,1,"Grid, Fewer markers",Grid,Fewer Markers,Ali
35,32.72727273,7,"Grid, Fewer markers",Grid,Fewer Markers,Mairead
25,27.27272727,2,"Grid, Fewer markers",Grid,Fewer Markers,Olivia
85,87.23404255,0,"Grid, Fewer markers",Grid,Fewer Markers,Alec
33,30.76923077,2,"Grid, Fewer markers",Grid,Fewer Markers,Casey
74,71.79487179,0,"Grid, Fewer markers",Grid,Fewer Markers,Mairead
19,21.15384615,1,"Grid, Fewer markers",Grid,Fewer Markers,Lauren
65,67,0,"Grid, Fewer markers",Grid,Fewer Markers,Olivia
76,77.96610169,3,"Grid, Fewer markers",Grid,Fewer Markers,Emma
95,93.10344828,4,"Grid, Fewer markers",Grid,Fewer Markers,Lauren
33,34.66666667,1,"Grid, Fewer markers",Grid,Fewer Markers,Jillian
50,51.61290323,1,"Grid, Fewer markers",Grid,Fewer Markers,Mairead
45,43.47826087,1,"Grid, Fewer markers",Grid,Fewer Markers,Allie
14,12.5,1,"Grid, Fewer markers",Grid,Fewer Markers,Mairead
37,38.46153846,3,"Grid, Fewer markers",Grid,Fewer Markers,Ali
55,53.57142857,0,"Grid, Fewer markers",Grid,Fewer Markers,Ali
95,93.61702128,5,"Grid, Fewer markers",Grid,Fewer Markers,Alec
63,61.70212766,1,"Grid, Fewer markers",Grid,Fewer Markers,Jillian
24,25.26315789,4,"Grid, Fewer markers",Grid,Fewer Markers,Lauren
28,26.80412371,0,"Grid, Fewer markers",Grid,Fewer Markers,Emma
95,93.81443299,2,"Grid, Fewer markers",Grid,Fewer Markers,Emma
90,91.13924051,1,"Grid, Fewer markers",Grid,Fewer Markers,Casey
50,51.11111111,0,"Grid, Fewer markers",Grid,Fewer Markers,Olivia
95,96.1038961,6,"Grid, Fewer markers",Grid,Fewer Markers,Mairead
75,76.08695652,0,"Grid, Fewer markers",Grid,Fewer Markers,Allie
22,20.93023256,2,"Grid, Fewer markers",Grid,Fewer Markers,Jillian
100,98.93617021,3,"Grid, Fewer markers",Grid,Fewer Markers,Ali
19,17.94871795,3,"Grid, Fewer markers",Grid,Fewer Markers,Sarah
40,38.96103896,7,"Grid, Fewer markers",Grid,Fewer Markers,Jared
53,52.04081633,4,"Grid, Fewer markers",Grid,Fewer Markers,Ali
95,95.87628866,5,"Grid, Fewer markers",Grid,Fewer Markers,Jillian
92,92.85714286,4,"Grid, Fewer markers",Grid,Fewer Markers,Sarah
80,79.16666667,4,"Grid, Fewer markers",Grid,Fewer Markers,Alec
44,44.82758621,4,"Grid, Fewer markers",Grid,Fewer Markers,Sarah
27,26.19047619,7,"Grid, Fewer markers",Grid,Fewer Markers,Emma
12,12.79069767,4,"Grid, Fewer markers",Grid,Fewer Markers,Emma
22,22.72727273,4,"Grid, Fewer markers",Grid,Fewer Markers,Allie
36,35.29411765,2,"Grid, Fewer markers",Grid,Fewer Markers,Sarah
95,94.44444444,3,"Grid, Fewer markers",Grid,Fewer Markers,Olivia
73,72.5,1,"Grid, Fewer markers",Grid,Fewer Markers,Emma
59,58.53658537,3,"Grid, Fewer markers",Grid,Fewer Markers,Sarah
61,60.60606061,0,"Grid, Fewer markers",Grid,Fewer Markers,Jillian
55,54.63917526,5,"Grid, Fewer markers",Grid,Fewer Markers,Emma
46,46.34146341,2,"Grid, Fewer markers",Grid,Fewer Markers,Lauren
66,66.32653061,1,"Grid, Fewer markers",Grid,Fewer Markers,Lauren
71,70.70707071,0,"Grid, Fewer markers",Grid,Fewer Markers,Lauren
45,44.73684211,2,"Grid, Fewer markers",Grid,Fewer Markers,Ali
24,23.80952381,3,"Grid, Fewer markers",Grid,Fewer Markers,Sarah
38,38.18181818,1,"Grid, Fewer markers",Grid,Fewer Markers,Sarah
34,33.82352941,0,"Grid, Fewer markers",Grid,Fewer Markers,Sarah
95,95.16129032,1,"Grid, Fewer markers",Grid,Fewer Markers,Alec
65,65.11627907,6,"Grid, Fewer markers",Grid,Fewer Markers,Emma
32,32.09876543,4,"Grid, Fewer markers",Grid,Fewer Markers,Emma
82,82,7,"Grid, Fewer markers",Grid,Fewer Markers,Sarah
100,100,3,"Grid, Fewer markers",Grid,Fewer Markers,Jillian
75,75,3,"Grid, Fewer markers",Grid,Fewer Markers,Jared
100,100,6,"Grid, Fewer markers",Grid,Fewer Markers,Casey
25,25,2,"Grid, Fewer markers",Grid,Fewer Markers,Ali
50,50,3,"Grid, Fewer markers",Grid,Fewer Markers,Olivia
80,80,0,"Grid, Fewer markers",Grid,Fewer Markers,Allie
50,18.03278689,4,"Grid, More markers",Grid,More Markers,Jillian
97,65.97938144,0,"Grid, More markers",Grid,More Markers,Casey
40,67.90123457,2,"Grid, More markers",Grid,More Markers,Casey
69,50,1,"Grid, More markers",Grid,More Markers,Emma
65,81.70731707,2,"Grid, More markers",Grid,More Markers,Olivia
55,39.39393939,7,"Grid, More markers",Grid,More Markers,Allie
48,62.5,4,"Grid, More markers",Grid,More Markers,Olivia
15,29.09090909,4,"Grid, More markers",Grid,More Markers,Mairead
43,56.52173913,4,"Grid, More markers",Grid,More Markers,Casey
55,66.66666667,2,"Grid, More markers",Grid,More Markers,Allie
30,20,1,"Grid, More markers",Grid,More Markers,Olivia
49,55.55555556,7,"Grid, More markers",Grid,More Markers,Lauren
70,76.04166667,2,"Grid, More markers",Grid,More Markers,Jared
30,35.8974359,1,"Grid, More markers",Grid,More Markers,Jared
55,60.6557377,1,"Grid, More markers",Grid,More Markers,Allie
45,50.54945055,8,"Grid, More markers",Grid,More Markers,Alec
62,56.52173913,3,"Grid, More markers",Grid,More Markers,Mairead
33,27.95698925,5,"Grid, More markers",Grid,More Markers,Olivia
45,50,1,"Grid, More markers",Grid,More Markers,Casey
92,87.09677419,3,"Grid, More markers",Grid,More Markers,Mairead
65,60.71428571,5,"Grid, More markers",Grid,More Markers,Alec
60,64.17910448,5,"Grid, More markers",Grid,More Markers,Jared
40,43.90243902,4,"Grid, More markers",Grid,More Markers,Jared
20,16.49484536,2,"Grid, More markers",Grid,More Markers,Olivia
87,90.32258065,0,"Grid, More markers",Grid,More Markers,Sarah
55,58.16326531,1,"Grid, More markers",Grid,More Markers,Olivia
15,17.94871795,1,"Grid, More markers",Grid,More Markers,Jillian
15,17.85714286,1,"Grid, More markers",Grid,More Markers,Mairead
40,42.85714286,2,"Grid, More markers",Grid,More Markers,Mairead
40,42.85714286,5,"Grid, More markers",Grid,More Markers,Alec
80,77.27272727,0,"Grid, More markers",Grid,More Markers,Lauren
65,67.69230769,0,"Grid, More markers",Grid,More Markers,Mairead
33,35.59322034,6,"Grid, More markers",Grid,More Markers,Olivia
30,27.45098039,0,"Grid, More markers",Grid,More Markers,Lauren
96,93.47826087,4,"Grid, More markers",Grid,More Markers,Allie
90,92.30769231,1,"Grid, More markers",Grid,More Markers,Jillian
15,17.28395062,2,"Grid, More markers",Grid,More Markers,Mairead
70,72.22222222,2,"Grid, More markers",Grid,More Markers,Olivia
25,27.16049383,0,"Grid, More markers",Grid,More Markers,Alec
70,67.85714286,4,"Grid, More markers",Grid,More Markers,Casey
50,47.87234043,6,"Grid, More markers",Grid,More Markers,Alec
55,56.97674419,0,"Grid, More markers",Grid,More Markers,Jared
40,41.93548387,0,"Grid, More markers",Grid,More Markers,Jared
50,48.14814815,5,"Grid, More markers",Grid,More Markers,Jillian
65,63.15789474,1,"Grid, More markers",Grid,More Markers,Allie
30,31.74603175,0,"Grid, More markers",Grid,More Markers,Jillian
50,48.27586207,5,"Grid, More markers",Grid,More Markers,Allie
20,21.68674699,6,"Grid, More markers",Grid,More Markers,Allie
38,36.36363636,1,"Grid, More markers",Grid,More Markers,Lauren
45,43.43434343,0,"Grid, More markers",Grid,More Markers,Jillian
24,22.68041237,4,"Grid, More markers",Grid,More Markers,Ali
15,16.21621622,0,"Grid, More markers",Grid,More Markers,Olivia
40,41.17647059,2,"Grid, More markers",Grid,More Markers,Olivia
33,34.14634146,4,"Grid, More markers",Grid,More Markers,Alec
62,60.86956522,1,"Grid, More markers",Grid,More Markers,Ali
35,33.87096774,1,"Grid, More markers",Grid,More Markers,Jillian
90,88.88888889,0,"Grid, More markers",Grid,More Markers,Jared
77,76,3,"Grid, More markers",Grid,More Markers,Jared
22,23,0,"Grid, More markers",Grid,More Markers,Alec
55,54.05405405,3,"Grid, More markers",Grid,More Markers,Ali
15,15.94202899,5,"Grid, More markers",Grid,More Markers,Alec
44,43.10344828,2,"Grid, More markers",Grid,More Markers,Ali
50,49.15254237,4,"Grid, More markers",Grid,More Markers,Casey
38,38.7755102,5,"Grid, More markers",Grid,More Markers,Casey
60,60.71428571,2,"Grid, More markers",Grid,More Markers,Mairead
50,49.33333333,2,"Grid, More markers",Grid,More Markers,Jillian
66,66.66666667,5,"Grid, More markers",Grid,More Markers,Ali
94,94.62365591,1,"Grid, More markers",Grid,More Markers,Mairead
53,53.60824742,7,"Grid, More markers",Grid,More Markers,Lauren
60,60.60606061,1,"Grid, More markers",Grid,More Markers,Jared
15,15.58441558,4,"Grid, More markers",Grid,More Markers,Jillian
39,39.58333333,5,"Grid, More markers",Grid,More Markers,Emma
25,24.48979592,0,"Grid, More markers",Grid,More Markers,Sarah
60,60.49382716,3,"Grid, More markers",Grid,More Markers,Sarah
28,27.55102041,1,"Grid, More markers",Grid,More Markers,Casey
56,55.55555556,0,"Grid, More markers",Grid,More Markers,Emma
29,28.57142857,3,"Grid, More markers",Grid,More Markers,Ali
75,74.57627119,1,"Grid, More markers",Grid,More Markers,Allie
33,32.60869565,1,"Grid, More markers",Grid,More Markers,Jillian
81,80.6122449,7,"Grid, More markers",Grid,More Markers,Lauren
48,48.38709677,5,"Grid, More markers",Grid,More Markers,Lauren
96,96.38554217,0,"Grid, More markers",Grid,More Markers,Sarah
73,72.61904762,1,"Grid, More markers",Grid,More Markers,Lauren
60,60.37735849,2,"Grid, More markers",Grid,More Markers,Jared
70,70.37037037,3,"Grid, More markers",Grid,More Markers,Lauren
72,72.36842105,5,"Grid, More markers",Grid,More Markers,Sarah
38,37.6344086,3,"Grid, More markers",Grid,More Markers,Ali
31,30.64516129,0,"Grid, More markers",Grid,More Markers,Emma
55,54.6875,5,"Grid, More markers",Grid,More Markers,Emma
25,24.69135802,3,"Grid, More markers",Grid,More Markers,Emma
70,69.6969697,5,"Grid, More markers",Grid,More Markers,Ali
49,49.29577465,5,"Grid, More markers",Grid,More Markers,Ali
75,74.71264368,3,"Grid, More markers",Grid,More Markers,Alec
82,81.81818182,4,"Grid, More markers",Grid,More Markers,Ali
79,79.16666667,1,"Grid, More markers",Grid,More Markers,Emma
63,63.15789474,0,"Grid, More markers",Grid,More Markers,Emma
63,63.15789474,4,"Grid, More markers",Grid,More Markers,Allie
96,96.15384615,1,"Grid, More markers",Grid,More Markers,Emma
24,23.91304348,1,"Grid, More markers",Grid,More Markers,Emma
74,73.91304348,0,"Grid, More markers",Grid,More Markers,Sarah
17,16.92307692,6,"Grid, More markers",Grid,More Markers,Casey
64,63.95348837,3,"Grid, More markers",Grid,More Markers,Sarah
71,70.96774194,1,"Grid, More markers",Grid,More Markers,Sarah
73,73.01587302,7,"Grid, More markers",Grid,More Markers,Sarah
25,25,0,"Grid, More markers",Grid,More Markers,Casey
26,26,4,"Grid, More markers",Grid,More Markers,Lauren
41,41,3,"Grid, More markers",Grid,More Markers,Mairead
50,50,2,"Grid, More markers",Grid,More Markers,Allie
80,80,6,"Grid, More markers",Grid,More Markers,Alec
86,25.25252525,0,No grid,No grid,Average Markers,Sarah
98,50,2,No grid,No grid,Average Markers,Casey
40,72,2,No grid,No grid,Average Markers,Lauren
90,72,5,No grid,No grid,Average Markers,Jillian
44,55.88235294,3,No grid,No grid,Average Markers,Mairead
60,71.875,3,No grid,No grid,Average Markers,Alec
86,75,1,No grid,No grid,Average Markers,Mairead
60,50,3,No grid,No grid,Average Markers,Olivia
25,34.61538462,1,No grid,No grid,Average Markers,Mairead
42,51.47058824,1,No grid,No grid,Average Markers,Sarah
96,86.95652174,0,No grid,No grid,Average Markers,Lauren
10,18.96551724,0,No grid,No grid,Average Markers,Ali
28,36.84210526,5,No grid,No grid,Average Markers,Emma
15,23.80952381,0,No grid,No grid,Average Markers,Jared
60,68.53932584,6,No grid,No grid,Average Markers,Olivia
40,47.61904762,1,No grid,No grid,Average Markers,Olivia
90,82.65306122,0,No grid,No grid,Average Markers,Mairead
50,42.85714286,4,No grid,No grid,Average Markers,Casey
50,57.14285714,4,No grid,No grid,Average Markers,Jillian
75,68.42105263,0,No grid,No grid,Average Markers,Casey
60,66.26506024,1,No grid,No grid,Average Markers,Olivia
50,56.25,0,No grid,No grid,Average Markers,Allie
80,74.19354839,1,No grid,No grid,Average Markers,Alec
57,51.28205128,2,No grid,No grid,Average Markers,Casey
40,34.61538462,2,No grid,No grid,Average Markers,Jared
20,14.66666667,3,No grid,No grid,Average Markers,Jared
60,65.30612245,3,No grid,No grid,Average Markers,Jared
30,25,1,No grid,No grid,Average Markers,Jillian
95,100,2,No grid,No grid,Average Markers,Alec
58,62.66666667,6,No grid,No grid,Average Markers,Jared
95,90.47619048,2,No grid,No grid,Average Markers,Casey
80,84.26966292,3,No grid,No grid,Average Markers,Jared
88,92.22222222,1,No grid,No grid,Average Markers,Ali
75,79.16666667,7,No grid,No grid,Average Markers,Allie
95,90.90909091,0,No grid,No grid,Average Markers,Allie
84,80,6,No grid,No grid,Average Markers,Mairead
96,100,2,No grid,No grid,Average Markers,Allie
90,86.02150538,3,No grid,No grid,Average Markers,Mairead
50,53.94736842,4,No grid,No grid,Average Markers,Casey
25,28.94736842,2,No grid,No grid,Average Markers,Ali
35,38.88888889,3,No grid,No grid,Average Markers,Alec
83,86.8852459,2,No grid,No grid,Average Markers,Ali
25,28.72340426,5,No grid,No grid,Average Markers,Olivia
40,43.42105263,1,No grid,No grid,Average Markers,Jared
28,31.34328358,5,No grid,No grid,Average Markers,Mairead
20,16.66666667,2,No grid,No grid,Average Markers,Olivia
33,29.6875,4,No grid,No grid,Average Markers,Alec
45,41.97530864,1,No grid,No grid,Average Markers,Jared
75,72.04301075,3,No grid,No grid,Average Markers,Alec
85,82.14285714,4,No grid,No grid,Average Markers,Lauren
60,57.14285714,2,No grid,No grid,Average Markers,Jillian
11,13.79310345,3,No grid,No grid,Average Markers,Lauren
25,22.22222222,3,No grid,No grid,Average Markers,Olivia
80,77.35849057,2,No grid,No grid,Average Markers,Alec
50,52.63157895,6,No grid,No grid,Average Markers,Mairead
74,76.53061224,0,No grid,No grid,Average Markers,Sarah
35,37.5,0,No grid,No grid,Average Markers,Olivia
35,37.5,0,No grid,No grid,Average Markers,Olivia
25,27.45098039,4,No grid,No grid,Average Markers,Allie
25,22.58064516,2,No grid,No grid,Average Markers,Alec
76,73.61111111,8,No grid,No grid,Average Markers,Lauren
47,49.35064935,5,No grid,No grid,Average Markers,Ali
90,92.30769231,1,No grid,No grid,Average Markers,Jillian
93,90.69767442,0,No grid,No grid,Average Markers,Casey
18,15.73033708,0,No grid,No grid,Average Markers,Lauren
86,88.23529412,0,No grid,No grid,Average Markers,Sarah
50,52.04081633,0,No grid,No grid,Average Markers,Olivia
19,17,0,No grid,No grid,Average Markers,Emma
39.2,37.25490196,8,No grid,No grid,Average Markers,Sarah
95,93.05555556,0,No grid,No grid,Average Markers,Allie
16,17.89473684,1,No grid,No grid,Average Markers,Ali
70,71.875,2,No grid,No grid,Average Markers,Emma
22,23.80952381,1,No grid,No grid,Average Markers,Casey
96,94.23076923,3,No grid,No grid,Average Markers,Emma
38,39.75903614,4,No grid,No grid,Average Markers,Ali
80,81.70731707,0,No grid,No grid,Average Markers,Jillian
40,41.66666667,2,No grid,No grid,Average Markers,Mairead
80,81.66666667,0,No grid,No grid,Average Markers,Allie
95,96.61016949,1,No grid,No grid,Average Markers,Alec
82,83.56164384,3,No grid,No grid,Average Markers,Mairead
11,12.5,8,No grid,No grid,Average Markers,Sarah
20,18.51851852,2,No grid,No grid,Average Markers,Allie
85,86.45833333,2,No grid,No grid,Average Markers,Alec
71,72.4137931,0,No grid,No grid,Average Markers,Emma
31,32.35294118,3,No grid,No grid,Average Markers,Casey
70,68.6746988,0,No grid,No grid,Average Markers,Lauren
14,15.27777778,0,No grid,No grid,Average Markers,Lauren
60,58.7628866,4,No grid,No grid,Average Markers,Jillian
95,93.87755102,1,No grid,No grid,Average Markers,Sarah
77,76,2,No grid,No grid,Average Markers,Lauren
35,34.02061856,1,No grid,No grid,Average Markers,Jillian
40,39.08045977,2,No grid,No grid,Average Markers,Emma
75,74.13793103,0,No grid,No grid,Average Markers,Jillian
80,80.85106383,2,No grid,No grid,Average Markers,Jared
61,60.24096386,1,No grid,No grid,Average Markers,Sarah
60,59.25925926,6,No grid,No grid,Average Markers,Emma
40,40.69767442,7,No grid,No grid,Average Markers,Allie
14,14.58333333,2,No grid,No grid,Average Markers,Sarah
45,45.45454545,5,No grid,No grid,Average Markers,Jillian
60,60.41666667,0,No grid,No grid,Average Markers,Allie
80,79.59183673,6,No grid,No grid,Average Markers,Casey
94,93.61702128,3,No grid,No grid,Average Markers,Emma
63,62.65060241,6,No grid,No grid,Average Markers,Ali
87,87.23404255,3,No grid,No grid,Average Markers,Jared
60,59.79381443,6,No grid,No grid,Average Markers,Olivia
22,21.81818182,3,No grid,No grid,Average Markers,Sarah
57,57.14285714,1,No grid,No grid,Average Markers,Ali
89,89.13043478,5,No grid,No grid,Average Markers,Lauren
77,77.04918033,0,No grid,No grid,Average Markers,Emma
35,35,2,No grid,No grid,Average Markers,Emma
25,25,5,No grid,No grid,Average Markers,Ali
61,27.02702703,2,"No grid, Fewer markers",No grid,Fewer Markers,Emma
60,80.76923077,2,"No grid, Fewer markers",No grid,Fewer Markers,Ali
30,50,0,"No grid, Fewer markers",No grid,Fewer Markers,Lauren
90,75,6,"No grid, Fewer markers",No grid,Fewer Markers,Lauren
33,46.875,0,"No grid, Fewer markers",No grid,Fewer Markers,Emma
60,73.23943662,3,"No grid, Fewer markers",No grid,Fewer Markers,Olivia
20,31.50684932,0,"No grid, Fewer markers",No grid,Fewer Markers,Casey
75,65.55555556,7,"No grid, Fewer markers",No grid,Fewer Markers,Allie
70,60.71428571,7,"No grid, Fewer markers",No grid,Fewer Markers,Alec
95,86.36363636,7,"No grid, Fewer markers",No grid,Fewer Markers,Jillian
94,85.39325843,3,"No grid, Fewer markers",No grid,Fewer Markers,Sarah
56,64.1025641,2,"No grid, Fewer markers",No grid,Fewer Markers,Ali
70,61.9047619,0,"No grid, Fewer markers",No grid,Fewer Markers,Allie
92,100,3,"No grid, Fewer markers",No grid,Fewer Markers,Lauren
77,69.6969697,0,"No grid, Fewer markers",No grid,Fewer Markers,Mairead
83,75.75757576,1,"No grid, Fewer markers",No grid,Fewer Markers,Lauren
71,77.6119403,3,"No grid, Fewer markers",No grid,Fewer Markers,Jillian
70,76.59574468,5,"No grid, Fewer markers",No grid,Fewer Markers,Jared
30,36.14457831,5,"No grid, Fewer markers",No grid,Fewer Markers,Jillian
40,45.94594595,1,"No grid, Fewer markers",No grid,Fewer Markers,Olivia
40,45.83333333,5,"No grid, Fewer markers",No grid,Fewer Markers,Jared
96,90.2173913,5,"No grid, Fewer markers",No grid,Fewer Markers,Mairead
65,70.42253521,4,"No grid, Fewer markers",No grid,Fewer Markers,Jared
30,35.41666667,4,"No grid, Fewer markers",No grid,Fewer Markers,Lauren
30,35.38461538,4,"No grid, Fewer markers",No grid,Fewer Markers,Alec
80,74.64788732,1,"No grid, Fewer markers",No grid,Fewer Markers,Mairead
10,15.27777778,1,"No grid, Fewer markers",No grid,Fewer Markers,Olivia
35,29.76190476,3,"No grid, Fewer markers",No grid,Fewer Markers,Jillian
80,85.18518519,7,"No grid, Fewer markers",No grid,Fewer Markers,Jillian
80,75,5,"No grid, Fewer markers",No grid,Fewer Markers,Ali
65,60,4,"No grid, Fewer markers",No grid,Fewer Markers,Mairead
23,27.84810127,1,"No grid, Fewer markers",No grid,Fewer Markers,Jared
15,19.58762887,2,"No grid, Fewer markers",No grid,Fewer Markers,Olivia
80,75.58139535,6,"No grid, Fewer markers",No grid,Fewer Markers,Alec
40,35.86956522,6,"No grid, Fewer markers",No grid,Fewer Markers,Allie
46,50,2,"No grid, Fewer markers",No grid,Fewer Markers,Casey
24,27.83505155,2,"No grid, Fewer markers",No grid,Fewer Markers,Mairead
16,19.75308642,2,"No grid, Fewer markers",No grid,Fewer Markers,Mairead
83,86.74698795,5,"No grid, Fewer markers",No grid,Fewer Markers,Ali
95,98.63013699,1,"No grid, Fewer markers",No grid,Fewer Markers,Alec
95,98.63013699,2,"No grid, Fewer markers",No grid,Fewer Markers,Alec
80,83.5443038,2,"No grid, Fewer markers",No grid,Fewer Markers,Alec
75,78.37837838,4,"No grid, Fewer markers",No grid,Fewer Markers,Jared
95,98.36065574,1,"No grid, Fewer markers",No grid,Fewer Markers,Jared
70,73.33333333,1,"No grid, Fewer markers",No grid,Fewer Markers,Jared
63,66.25,4,"No grid, Fewer markers",No grid,Fewer Markers,Lauren
60,56.81818182,0,"No grid, Fewer markers",No grid,Fewer Markers,Olivia
77,73.84615385,8,"No grid, Fewer markers",No grid,Fewer Markers,Sarah
54,57.14285714,5,"No grid, Fewer markers",No grid,Fewer Markers,Casey
55,58.13953488,4,"No grid, Fewer markers",No grid,Fewer Markers,Jared
82.3,85.39325843,0,"No grid, Fewer markers",No grid,Fewer Markers,Sarah
30,27.14285714,1,"No grid, Fewer markers",No grid,Fewer Markers,Mairead
45,47.76119403,0,"No grid, Fewer markers",No grid,Fewer Markers,Olivia
70,72.72727273,7,"No grid, Fewer markers",No grid,Fewer Markers,Olivia
90,87.32394366,0,"No grid, Fewer markers",No grid,Fewer Markers,Casey
86,83.33333333,3,"No grid, Fewer markers",No grid,Fewer Markers,Emma
66,68.53932584,0,"No grid, Fewer markers",No grid,Fewer Markers,Jared
50,47.5,1,"No grid, Fewer markers",No grid,Fewer Markers,Ali
75,77.41935484,0,"No grid, Fewer markers",No grid,Fewer Markers,Jillian
70,72.4137931,1,"No grid, Fewer markers",No grid,Fewer Markers,Jillian
33,35.35353535,1,"No grid, Fewer markers",No grid,Fewer Markers,Allie
65,62.65060241,3,"No grid, Fewer markers",No grid,Fewer Markers,Lauren
73.7,76.04166667,3,"No grid, Fewer markers",No grid,Fewer Markers,Sarah
66,68.29268293,6,"No grid, Fewer markers",No grid,Fewer Markers,Allie
75,72.72727273,0,"No grid, Fewer markers",No grid,Fewer Markers,Emma
45,47.27272727,3,"No grid, Fewer markers",No grid,Fewer Markers,Casey
45,42.85714286,7,"No grid, Fewer markers",No grid,Fewer Markers,Jillian
88,90.14084507,4,"No grid, Fewer markers",No grid,Fewer Markers,Casey
30,32.05128205,6,"No grid, Fewer markers",No grid,Fewer Markers,Casey
85,82.9787234,7,"No grid, Fewer markers",No grid,Fewer Markers,Lauren
98,100,5,"No grid, Fewer markers",No grid,Fewer Markers,Mairead
70,71.79487179,1,"No grid, Fewer markers",No grid,Fewer Markers,Alec
90,91.75257732,1,"No grid, Fewer markers",No grid,Fewer Markers,Casey
97,98.7012987,0,"No grid, Fewer markers",No grid,Fewer Markers,Sarah
50,51.66666667,2,"No grid, Fewer markers",No grid,Fewer Markers,Emma
37,35.36585366,0,"No grid, Fewer markers",No grid,Fewer Markers,Lauren
33,31.37254902,3,"No grid, Fewer markers",No grid,Fewer Markers,Olivia
92,90.52631579,3,"No grid, Fewer markers",No grid,Fewer Markers,Sarah
47,45.56962025,2,"No grid, Fewer markers",No grid,Fewer Markers,Emma
60,61.42857143,1,"No grid, Fewer markers",No grid,Fewer Markers,Allie
33,34.42622951,2,"No grid, Fewer markers",No grid,Fewer Markers,Ali
73,74.41860465,2,"No grid, Fewer markers",No grid,Fewer Markers,Sarah
50,48.64864865,6,"No grid, Fewer markers",No grid,Fewer Markers,Jillian
34,32.65306122,3,"No grid, Fewer markers",No grid,Fewer Markers,Sarah
58,59.34065934,3,"No grid, Fewer markers",No grid,Fewer Markers,Jillian
37,35.71428571,3,"No grid, Fewer markers",No grid,Fewer Markers,Alec
40,38.7755102,0,"No grid, Fewer markers",No grid,Fewer Markers,Alec
45,43.90243902,1,"No grid, Fewer markers",No grid,Fewer Markers,Emma
80,78.94736842,3,"No grid, Fewer markers",No grid,Fewer Markers,Ali
38,37,4,"No grid, Fewer markers",No grid,Fewer Markers,Sarah
32,33,3,"No grid, Fewer markers",No grid,Fewer Markers,Emma
95,96,3,"No grid, Fewer markers",No grid,Fewer Markers,Ali
30,31,1,"No grid, Fewer markers",No grid,Fewer Markers,Olivia
99,100,1,"No grid, Fewer markers",No grid,Fewer Markers,Allie
99,100,5,"No grid, Fewer markers",No grid,Fewer Markers,Allie
70,69.09090909,2,"No grid, Fewer markers",No grid,Fewer Markers,Casey
15,15.90909091,3,"No grid, Fewer markers",No grid,Fewer Markers,Olivia
98,98.80952381,3,"No grid, Fewer markers",No grid,Fewer Markers,Sarah
95,95.78947368,6,"No grid, Fewer markers",No grid,Fewer Markers,Ali
40,40.78947368,3,"No grid, Fewer markers",No grid,Fewer Markers,Ali
20,19.31818182,2,"No grid, Fewer markers",No grid,Fewer Markers,Allie
86,85.56701031,4,"No grid, Fewer markers",No grid,Fewer Markers,Casey
70,69.66292135,4,"No grid, Fewer markers",No grid,Fewer Markers,Allie
47,47.31182796,2,"No grid, Fewer markers",No grid,Fewer Markers,Emma
33,32.75862069,5,"No grid, Fewer markers",No grid,Fewer Markers,Alec
21,20.77922078,3,"No grid, Fewer markers",No grid,Fewer Markers,Lauren
23,22.89156627,3,"No grid, Fewer markers",No grid,Fewer Markers,Emma
55,55.05617978,0,"No grid, Fewer markers",No grid,Fewer Markers,Mairead
33,32.96703297,0,"No grid, Fewer markers",No grid,Fewer Markers,Mairead
95,55.26315789,1,"No grid, More markers",No grid,More Markers,Alec
45,70.45454545,5,"No grid, More markers",No grid,More Markers,Lauren
50,61.36363636,3,"No grid, More markers",No grid,More Markers,Olivia
65,75.90361446,2,"No grid, More markers",No grid,More Markers,Jared
88,77.27272727,5,"No grid, More markers",No grid,More Markers,Mairead
31,41.53846154,0,"No grid, More markers",No grid,More Markers,Lauren
60,69.35483871,3,"No grid, More markers",No grid,More Markers,Alec
70,78.26086957,2,"No grid, More markers",No grid,More Markers,Olivia
40,32,2,"No grid, More markers",No grid,More Markers,Jared
45,52.63157895,3,"No grid, More markers",No grid,More Markers,Mairead
48,40.74074074,6,"No grid, More markers",No grid,More Markers,Mairead
85,92.22222222,0,"No grid, More markers",No grid,More Markers,Lauren
40,33.33333333,5,"No grid, More markers",No grid,More Markers,Jillian
40,46.66666667,0,"No grid, More markers",No grid,More Markers,Olivia
90,96.25,1,"No grid, More markers",No grid,More Markers,Jared
73,78.94736842,6,"No grid, More markers",No grid,More Markers,Ali
60,65.78947368,2,"No grid, More markers",No grid,More Markers,Allie
70,64.64646465,1,"No grid, More markers",No grid,More Markers,Alec
78,72.72727273,2,"No grid, More markers",No grid,More Markers,Mairead
90,95.16129032,1,"No grid, More markers",No grid,More Markers,Olivia
35,30,1,"No grid, More markers",No grid,More Markers,Jared
95,100,5,"No grid, More markers",No grid,More Markers,Alec
60,64.58333333,0,"No grid, More markers",No grid,More Markers,Allie
95,90.47619048,4,"No grid, More markers",No grid,More Markers,Lauren
60,55.55555556,0,"No grid, More markers",No grid,More Markers,Ali
55,50.56179775,2,"No grid, More markers",No grid,More Markers,Allie
20,24.28571429,2,"No grid, More markers",No grid,More Markers,Jared
45,40.74074074,1,"No grid, More markers",No grid,More Markers,Allie
88,92.20779221,5,"No grid, More markers",No grid,More Markers,Sarah
50,54,0,"No grid, More markers",No grid,More Markers,Jared
30,33.92857143,3,"No grid, More markers",No grid,More Markers,Alec
45,41.2371134,6,"No grid, More markers",No grid,More Markers,Casey
68,71.71717172,2,"No grid, More markers",No grid,More Markers,Jillian
40,43.63636364,1,"No grid, More markers",No grid,More Markers,Lauren
49,52.63157895,3,"No grid, More markers",No grid,More Markers,Sarah
88,84.53608247,0,"No grid, More markers",No grid,More Markers,Mairead
66,69.44444444,3,"No grid, More markers",No grid,More Markers,Mairead
70,66.66666667,3,"No grid, More markers",No grid,More Markers,Ali
70,66.66666667,0,"No grid, More markers",No grid,More Markers,Alec
30,33.33333333,2,"No grid, More markers",No grid,More Markers,Mairead
20,23.33333333,3,"No grid, More markers",No grid,More Markers,Mairead
79,82.25806452,4,"No grid, More markers",No grid,More Markers,Emma
45,48.14814815,5,"No grid, More markers",No grid,More Markers,Mairead
97,100,3,"No grid, More markers",No grid,More Markers,Allie
63,65.85365854,3,"No grid, More markers",No grid,More Markers,Ali
70,72.72727273,5,"No grid, More markers",No grid,More Markers,Casey
33,35.71428571,3,"No grid, More markers",No grid,More Markers,Emma
50,52.7027027,0,"No grid, More markers",No grid,More Markers,Allie
58,60.6557377,0,"No grid, More markers",No grid,More Markers,Lauren
75,72.5,5,"No grid, More markers",No grid,More Markers,Alec
10,12.37113402,6,"No grid, More markers",No grid,More Markers,Allie
75,72.63157895,1,"No grid, More markers",No grid,More Markers,Jillian
50,47.6744186,0,"No grid, More markers",No grid,More Markers,Casey
60,57.69230769,1,"No grid, More markers",No grid,More Markers,Lauren
85,82.69230769,0,"No grid, More markers",No grid,More Markers,Jared
88,85.71428571,3,"No grid, More markers",No grid,More Markers,Ali
37,39.28571429,0,"No grid, More markers",No grid,More Markers,Emma
31,28.75,7,"No grid, More markers",No grid,More Markers,Casey
60,57.77777778,0,"No grid, More markers",No grid,More Markers,Olivia
94,91.80327869,3,"No grid, More markers",No grid,More Markers,Mairead
79,81.15942029,3,"No grid, More markers",No grid,More Markers,Sarah
95,97.14285714,0,"No grid, More markers",No grid,More Markers,Alec
50,47.91666667,2,"No grid, More markers",No grid,More Markers,Olivia
22,20,2,"No grid, More markers",No grid,More Markers,Lauren
70,68.04123711,0,"No grid, More markers",No grid,More Markers,Olivia
27,28.94736842,6,"No grid, More markers",No grid,More Markers,Jillian
50,48.07692308,1,"No grid, More markers",No grid,More Markers,Alec
29,30.86419753,0,"No grid, More markers",No grid,More Markers,Emma
85,86.84210526,2,"No grid, More markers",No grid,More Markers,Jillian
95,96.84210526,2,"No grid, More markers",No grid,More Markers,Jillian
38,36.23188406,8,"No grid, More markers",No grid,More Markers,Sarah
37,38.70967742,0,"No grid, More markers",No grid,More Markers,Jared
28,26.37362637,6,"No grid, More markers",No grid,More Markers,Sarah
30,31.46067416,1,"No grid, More markers",No grid,More Markers,Ali
68,66.66666667,0,"No grid, More markers",No grid,More Markers,Emma
80,81.31868132,0,"No grid, More markers",No grid,More Markers,Allie
36,37.31343284,1,"No grid, More markers",No grid,More Markers,Casey
88,89.28571429,0,"No grid, More markers",No grid,More Markers,Emma
33,34.28571429,7,"No grid, More markers",No grid,More Markers,Olivia
25,23.72881356,2,"No grid, More markers",No grid,More Markers,Jillian
93,94.25287356,0,"No grid, More markers",No grid,More Markers,Lauren
95,93.75,6,"No grid, More markers",No grid,More Markers,Sarah
94,92.75362319,0,"No grid, More markers",No grid,More Markers,Lauren
40,41.2371134,3,"No grid, More markers",No grid,More Markers,Olivia
45,44,2,"No grid, More markers",No grid,More Markers,Jillian
70,69,6,"No grid, More markers",No grid,More Markers,Allie
70,69.04761905,6,"No grid, More markers",No grid,More Markers,Emma
40,40.90909091,0,"No grid, More markers",No grid,More Markers,Sarah
60,60.86956522,0,"No grid, More markers",No grid,More Markers,Jillian
65,64.28571429,0,"No grid, More markers",No grid,More Markers,Jared
45,45.71428571,6,"No grid, More markers",No grid,More Markers,Alec
99,98.38709677,2,"No grid, More markers",No grid,More Markers,Sarah
45,45.45454545,0,"No grid, More markers",No grid,More Markers,Casey
21,21.42857143,1,"No grid, More markers",No grid,More Markers,Ali
83,83.33333333,7,"No grid, More markers",No grid,More Markers,Sarah
25,25.27472527,0,"No grid, More markers",No grid,More Markers,Ali
58,57.73195876,2,"No grid, More markers",No grid,More Markers,Casey
94,93.75,0,"No grid, More markers",No grid,More Markers,Emma
82,81.81818182,0,"No grid, More markers",No grid,More Markers,Emma
54,53.84615385,0,"No grid, More markers",No grid,More Markers,Emma
61,60.86956522,4,"No grid, More markers",No grid,More Markers,Casey
81,81.08108108,2,"No grid, More markers",No grid,More Markers,Ali
16,15.95744681,3,"No grid, More markers",No grid,More Markers,Jillian
80,80,7,"No grid, More markers",No grid,More Markers,Sarah
100,100,0,"No grid, More markers",No grid,More Markers,Casey
25,25,5,"No grid, More markers",No grid,More Markers,Casey
100,100,4,"No grid, More markers",No grid,More Markers,Ali
50,50,0,"No grid, More markers",No grid,More Markers,Allie